set	id	severity	crate	before	now	problem_plain	now_plain	evidence
audit-new	v1-1	low	store	NEW	FIXED	Two documents said the cold block check was never timed	Both sentences corrected and a docs test stops them returning	D-1506; cargo test -p store --test docs: 10 passed incl no_document_says_the_cold_block_verify_is_unmeasured (run here)
audit-new	v2-1	medium	ci	NEW	FIXED	Gate 14 used its own weak check that the bench gate always runs	Shared strict step scanner used; every disabling trick tried was refused	D-1503; local gates_bounds gate14 rc=0 'layer 5 present'; source_scan step-runs refused if: false && true, run_attempt==0, continue-on-error expr, job-level if, always() && false; shell 'true {0}' passes step-runs but Gate 0 workflow mode refuses it rc=1
audit-new	v2-2	low	ci	NEW	FIXED	Gate 14 pinned fewer bench points than the benches measure	Pins equal the measured counts and a lowered pin is refused	D-1504; gate14 run: store 14 = pin 14, engine 14 = pin 14; scratch copy with engine pin 13 printed REFUSED 14-measurement-points-but-pinned-at-13
audit-new	v2-3	low	runner	NEW	FIXED	A test asserted a value that could never be anything but zero	Replaced by a distinctness check that can actually fail	D-1505; crates/runner/tests/join_answer_is_unchanged.rs:205-235 HashSet distinctness; cargo test -p runner --test join_answer_is_unchanged 2 passed
audit-new	fold-1	low	runner	NEW	FIXED	A doc named a per-call cost helper that exists only in tests	Doc now names the slice-facts build the walk really pays	D-1486; crates/runner/src/trade.rs:875 walk_with doc cites SliceFacts::of
audit-new	h-api-1	medium	api	NEW	FIXED	Blank lines sent first switched off the request head deadline	Leading blank lines no longer end the head; a partial head gets 408	D-1511 closed by D-1580; server.rs HeadDeadline::observe skips CR/LF while !partial; prebuilt api lib tests leading_blank_lines_do_not_stop_the_head_clock and _deadline passed (run here)
audit-new	h-api-2	low	api	NEW	FIXED	A repeated form field in a request body was silently resolved	Repeated body fields refused except the two list fields	D-1512; server.rs:16912 one_value_per_form_field with MULTI_VALUED_FORM_FIELDS member and leg; api lib a_form_body_naming_a_field_twice_is_refused and a_leg_whose_payload_repeats_a_single_value_field_refuses_the_run passed (run here)
audit-new	h-api-3	low	api	NEW	FIXED	Every failed request wrote a log line so a flood filled the log	Failure lines rationed per window with suppressed counts reported	D-1513; api/src/logs.rs note_request; api lib a_flood_of_failed_requests_writes_a_bounded_number_of_lines and a_same_origin_flood_is_bounded_and_counted_separately_from_cross_site passed (run here)
audit-new	h-cli-1	medium	cli	NEW	FIXED	A failed append left a partial record that blocked the ledger forever	A failed write truncates back; a crash mid-write is raised as rnew-1	D-1850; crates/cli/src/append_rollback.rs:57-77 set_len(end) on error naming both errors; each of the 16 ledgers proves it with inject_short_write (read, cli not run)
audit-new	h-cli-2	low	cli	NEW	FIXED	A stock expression report left out the unadjusted-prices warning	Its banner now comes from the per-instrument provenance helper	D-1851; crates/cli/src/expression.rs:169 crate::stored_provenance_of(self.key); helper at lib.rs:3261 (read)
audit-new	h-cli-3	low	cli	NEW	FIXED	Pooled money totals were silently capped at the integer limit	Totals use a wider integer that cannot reach the cap	D-1852; crates/cli/src/pool.rs i128 totals with NEVER_LOST = i128::MAX (pool.rs:184); stability.rs net in i128 (read)
audit-new	h-cli-4	medium	cli	NEW	FIXED	More ledgers appended with no rollback after a failed write	Each rolls back, syncs its rollback, or was deleted	D-1854; population_observations_v1 appends through append_rollback; sweep_evidence truncates then syncs; lineage V2/V3 deleted (D-1832); every other cli seek-to-end append site read has a rollback
audit-new	h-eng-1	low	indicators	NEW	FIXED	Three docs misdescribed which bar a signal is aligned onto	Docs state the exact-close rule and a test guards the wording	D-1860; cargo test -p vocab --test stale_claims 12 passed incl the_column_docs_state_the_exact_close_alignment_rule; runner align::tests 10 passed
audit-new	h-eng-2	low	vocab	NEW	FIXED	Docs claimed one ladder rung fires at a time, false for tiny gaps	Claim corrected and multi-rung cases checked against brute force	D-1861; cargo test -p indicators --test fib_rung_rounding 3 passed; -p runner --test fib_rung_sweep 2 passed
audit-new	h-pull-1	medium	lake	NEW	FIXED	Timestamp unit check ignored the older Parquet type annotation	Both annotations checked; a mismatch or unknown unit is refused	D-2270; lake/src/schema.rs:172 misread_timestamp(logical, converted); refusals.rs:1613 and next test passed; probe: legacy MILLIS refused, NANOS and non-UTC refused, mismatched pair refused by the writer, stamps i64::MIN and i64::MAX pass through unchanged
audit-new	h-pull-2	low	pull	NEW	FIXED	Secret decoder accepted impossible lengths and dirty leftover bits	Impossible lengths and non-zero leftover bits are refused	D-2271; totp.rs:307 TrailingBits; probe 68,000 strings of length 0..16 incl non-alphabet bytes vs a strict RFC 4648 reference: 0 mismatches; lengths 1,3,6,9,11,14 never accepted; 128 chars Ok, 129 TooLong
audit-new	v3a-1	low	api	NEW	FIXED	A known-dead credential was checked on only one of two paths	Both paths consult the dead list before sending	D-1482; credential_law.rs:306, 379, 408 is_dead; api lib a_read_that_returns_a_value_already_rejected_is_never_sent and the contract and rolling rejection walks passed, 15 credential_law tests (run here)
audit-new	v3b-1	medium	pull	NEW	FIXED	A socket at the lock path silently skipped the census lock	Anything but a plain file at the lock path is refused	D-1480; ingest::tests::a_socket_at_the_lock_path_is_refused_rather_than_run_unlocked passed (run here)
audit-new	v3b-2	low	api	NEW	FIXED	A failed lock stamp was ignored so a dead process was named	A failed stamp releases the lock and refuses loudly	D-1481; server.rs:19197 if let Err(refusal) = stamp_serve_lock(...) then release; api lib a_serve_lock_stamp_that_fails_is_cleared_or_refused_never_left_stale passed (run here)
audit-new	v3b-3	low	api	NEW	FIXED	A doc comment had a stray comment marker mid-sentence	Stray marker removed	D-1486; grep 'for why///' in crates/api/src/sweeprun.rs finds nothing
audit-new	v4-1	low	pull	NEW	FIXED	Docs claimed hash lookups are constant time in the worst case	Docs now say expected or amortised, with the worst case named	D-1488; crates/pull/src/manifest.rs:288 records the old claim, :2868 'Amortised O(1) ... with an O(n_keys) worst case'
audit-new	v4-2	low	cli	NEW	FIXED	Pool table columns ran together at extreme values	Columns are separated so extreme figures stay apart	D-1487; crates/cli/src/pool.rs pass-2 table (read)
audit-new	v4-3	low	cli	NEW	FIXED	Progress line columns ran together at extreme values	Separator added between the progress columns	D-1487; crates/cli/src/lib.rs:17034 descent_line (read)
audit-new	v4-4	low	engine	NEW	FIXED	Top-N keeper stored a repeated combination twice	Repeats are counted and dropped; evicted entries are forgotten	D-1497; crates/engine/src/keep.rs Best::offer masks.insert, repeated counter, masks.remove on eviction and on rejection; no production caller (production_callers 4 passed)
audit-new	v53-1	low	pull	NEW	FIXED	Date reader never checked the separator characters	A wrong separator is refused	D-1483; csv::tests::a_date_whose_separator_is_not_the_declared_byte_is_refused passed (run here)
audit-new	v53-2	low	cli	NEW	FIXED	The binary panicked when its output pipe was closed	Output is written with errors handled, no panic	D-1484; crates/cli/src/main.rs:37-49 and :79 cli::deliver writes to stdout and stderr handles (read)
audit-new	audit-root	low	store	PARTIAL	FIXED	Two catalog tests failed when run as root	All catalog tests pass as root	D-1485; as root: cargo test -p store --lib catalog 12 passed, --test catalog 28 passed
audit-new	gate8	medium	ci	PARTIAL	FIXED	No proof the cost gate fails on a planted slow path	CI plants a linear scan and requires the gate to fail	D-1509, D-2314; gates_jobs tests 3 passed; scratch plant at vendor.rs:1431 refused; CI run 37502065146 job 112440187252 'Per-operation cost' success on fbdabaec
audit-new	lookahead	high	runner	PARTIAL	FIXED	A hole after an exit could un-price that earlier exit	Exits before a hole are priced; a hole blocks only later exits	D-1514; cargo test -p runner --test hole_after_exit 3 passed; runner lib a_walk_built_stop_before_a_hole_is_priced_by_the_cell_and_the_replay_alike, hole_offset_is_the_earlier_hole_and_only_on_a_path_priced_before_it, unmeasured_and_refused_at_answer_each_cause_on_its_own passed
audit-new	probeapi-1	medium	api	FIXED	FIXED	A slowly dripped request body had no time limit	Body has the same 10 second deadline, answered 408	D-1510; server.rs:17823 body_deadline; api lib a_dripped_body_is_refused_with_408_at_the_deadline and a_crowd_of_body_drippers_cannot_starve_a_real_request passed (run here)
audit-new	docs-web-01	low	docs	PARTIAL	FIXED	The fourth of four claimed doc findings could not be identified	Fourth named and each tied to the check that proves it	D-1516 table names ET-bars-candles-store-6, -11, -13 and ET-vocabulary-conditions-bits-4; store --test docs 10 passed; cargo test -p vocab --lib table:: 18 passed
audit-new	GAP17-33	medium	process	NOT-FIXED	FIXED	Fix pieces landed by branch name could silently carry nothing	Landing checked by ancestry; the one dropped piece landed and tested	D-1515; git: 2c209309 and c0fc71cd are ancestors of HEAD, tree 967a04a2 equals origin/fix/c2-final's tree; store/src/header.rs:684 get_or_insert; cargo test -p store --test fault when_both_slots_decode_and_fail_the_newest_slots_refusal_is_reported passed
audit-new	GAP15-19	low	cli	NOT-FIXED	FIXED	Replay V4 did not enforce each stream's exit-quality ceilings	V4 enforces the frozen ceilings the way V1 does	D-1643; StreamQuality and its tests in cli (read)
audit-new	GAP15-17	low	cli	NOT-FIXED	FIXED	Max-gated rates rounded down so a small breach could pass	Rates round up; the losing rate is gated exactly from counts	D-1644; population_base_evidence_v2.rs MAGIC BTX-BASE-EV-V3, max_rate_ppm (:1627) edge tests at u64::MAX and zero total; other producers use measured_max_rate (read)
audit-new	AC-whp-tb-2	medium	cli	PARTIAL	FIXED	Elite report could not take the ranking lens from the command line	Lens is a command-line word; unknown words are refused	D-1645; crates/cli/src/lib.rs:1416 parse_lens (read)
audit-new	ET-strategies-trades-ranking-costs-7	low	cli	PARTIAL	FIXED	Thin-sample note printed the wrong fold count	Note prints the fold count the walk-forward uses	D-1646 (read)
audit-new	ET-bars-candles-store-1/-8	low	pull	DOCUMENTED	DOCUMENTED	Each batch re-derives the whole month	Argued inherent and held by a committed bench with a ceiling	D-2240; crates/pull/benches/ratio.rs:703 a_month_filled_session_by_session_rederives_linearly, ceiling 3.0x (ratio.rs:71 CEILING_PERMILLE 3_000), run by gate 8
audit-new	rederive	low	pull	DOCUMENTED	DOCUMENTED	Filling a month session by session re-derives it every time	Argued inherent and held by a committed bench with a ceiling	D-2240; same bench crates/pull/benches/ratio.rs:703; D-3001 adds a day check, not a cost
audit-new	W1-pull2-3	low	pull	DOCUMENTED	DOCUMENTED	A rerun that wrote nothing still re-derives the month	The rerun is the retry; the month walk is measured	D-2290 table docs/06-limits.md:16345; month walk 1.03 ms p50 / 5.12 ms p99, rerun 0.73 / 4.81 ms (D-2291); scratch harness, not committed
audit-new	W1-pull2-0	low	pull	DOCUMENTED	DOCUMENTED	Census re-read and checksummed per window	The re-check is the bit-rot guarantee; load time measured	docs/06-limits.md:16347 Manifest::load 15,857 entries 5.64 ms / 15.4 ms, 93,776 entries 70.7 ms / 95.6 ms; scratch harness
audit-new	W1-pull2-6	low	pull	DOCUMENTED	DOCUMENTED	Census re-read and checksummed per rolling answer	The re-check is the bit-rot guarantee; load time measured	docs/06-limits.md:16347 same Manifest::load row; scratch harness
audit-new	W1-api5-1	low	api	DOCUMENTED	DOCUMENTED	Census re-read and checksummed per landed body	The re-check is the bit-rot guarantee; load time measured	docs/06-limits.md:16347 same row; D-3308 corrected the comment; scratch harness
audit-new	W1-api5-2	low	api	DOCUMENTED	DOCUMENTED	A census cache miss reads every manifest	A miss means a manifest changed; per-manifest load measured	docs/06-limits.md:16348 'per manifest as the row above'
audit-new	W1-pull2-5	low	pull	DOCUMENTED	DOCUMENTED	Listing traded days reads the whole month per request	Days come from the records; whole month walk measured	docs/06-limits.md:16344 whole verified month 1.03 ms / 5.12 ms / 5.13 ms
audit-new	W1-pull1-0	low	pull	DOCUMENTED	PARTIAL	Per-day receipt revalidation runs for every body	Argued inherent but never timed	docs/06-limits.md:16349 'not timed here'
audit-new	W3-store1-0	low	store	DOCUMENTED	FIXED	Time lookup was a bisection, not constant time	A per-month time index answers in one read	D-2329 .tix; docs/04-invariants.md C-TIX-01, C-TIX-02, O1P-02; cargo test -p store --test tix 12 passed incl the_index_answers_every_timestamp_exactly_as_the_bisection_does; stale D-2290 row is rnew-2
audit-new	W3-store1-1	low	store	DOCUMENTED	FIXED	Already-stored check bisected before reading the batch	Lookup goes through the time index; reading the batch is inherent	D-2329; store/src/file.rs first_at_or_after dispatches on tix_state, bisection only for unindexed months with a warning (limits:12751)
audit-new	ET-bars-candles-store-3	low	store	DOCUMENTED	PARTIAL	The store admits a bar outside session hours	Grid and month enforced; session hours checked only upstream	docs/06-limits.md:16376 'store may not depend on pull's calendar'; fix: move the session table into core so store can check it
audit-new	R9-csr-o1-0	low	store	DOCUMENTED	DOCUMENTED	One extra file-size check per tail block read	The check finds records past the commit; measured in nanoseconds	docs/06-limits.md:16343 fstat 386 ns / 488 ns; rerun 245 / 336 ns (D-2291)
audit-new	W3-engine1-1	low	engine	DOCUMENTED	PARTIAL	Each level sorts its frontier, not constant per item	Argued needed for a stable order, but never timed	docs/06-limits.md:16356 'not timed here'
audit-new	ET-o1-proof-coverage-2	low	engine	DOCUMENTED	DOCUMENTED	Subset pruning cost grows with combination size	Apriori must test every subset; an engine bench times it	docs/06-limits.md:16355 C-E-12 engine bench
audit-new	W3-engine1-0	low	engine	DOCUMENTED	DOCUMENTED	Subset pruning cost grows with combination size	Apriori must test every subset; an engine bench times it	docs/06-limits.md:16355 C-E-12 engine bench
audit-new	o1engine-20	low	engine	DOCUMENTED	DOCUMENTED	Top-N keeper admits in log time, not constant	No production caller, and a test keeps it that way	docs/06-limits.md:16357 'none: no caller'; cargo test -p engine --test production_callers best_has_no_production_caller_and_says_so passed
audit-new	W3-engine1-2	low	engine	DOCUMENTED	DOCUMENTED	Top-N keeper admits in log time, not constant	No production caller, and a test keeps it that way	docs/06-limits.md:16357; same production_callers test passed
audit-new	GAP16-26	low	runner	DOCUMENTED	PARTIAL	Money statistics were kept as floating point	Sums are exact, but four money totals are still stored as floats	crates/runner/src/outcome.rs:1873 wide() converts i128 sums to f64 once; Edge money fields stay f64 (D-1173), exact only below 2^53 paisa
audit-new	ET-strategies-trades-ranking-costs-9	low	runner	DOCUMENTED	FIXED	A cost paragraph was stale	Paragraph corrected	D-1448; docs/06-limits.md:4762 (read)
audit-new	W3-runner2-2	low	cli	DOCUMENTED	FIXED	A shared training slice was attested on every call	Each shared slice is attested once	D-1838 (read)
audit-new	W3-runner4-1	low	cli	DOCUMENTED	FIXED	The population producer attested its training slice per call	Attested once per side	D-1837; TrainingAttestationsV1 and its tests (read)
audit-new	W2-cli8-6	low	cli	PARTIAL	FIXED	Build retries re-read the minute data each time	Reads are shared; a build pass reads nothing	D-1843; SpanShare, PreparedColumn, SPAN_SHARE_KEYS; exact_minute_withholding_unsourceable_days removed (read)
audit-new	o1cli-2	low	cli	DOCUMENTED	FIXED	A rung loaded its span twice and could build twice	A rung prepares once	D-1840, D-1843; measured before and after in D-1849 (read)
audit-new	o1cli-3	low	cli	DOCUMENTED	FIXED	An all-rungs command read the minute span many times	Rungs of one command share their reads	D-1840, D-1843, D-1849 (read)
audit-new	o1cli-4	low	cli	DOCUMENTED	FIXED	The kernel re-read daily and minute contexts	Contexts handed back from the build	D-1840, D-1843, D-1849 (read)
audit-new	o1cli-5	low	cli	DOCUMENTED	FIXED	Four commands loaded a span for one number, then again	Loaded span passed on to the work	D-1840, D-1843, D-1849 (read)
audit-new	o1cli-6	low	cli	DOCUMENTED	FIXED	The screen sorted every row twice	Sorts only the rows it measures and prints	D-1842; crates/cli/src/lib.rs:14196 screen_order_key, :14221 least_first; D-1849 (read)
audit-new	AC-whp-o1-1	low	cli	DOCUMENTED	PARTIAL	Stored sweep commands kept the whole sweep in memory	Fresh runs stream; a resume still decodes the full history	D-1844 walk_checkpointed_streamed, rank_checkpointed_streamed; engine --test resume_readiness a_streamed_checkpointed_walk_hands_on_what_the_retaining_walk_retains passed; resume path still restores the whole history per D-1844 text
audit-new	cli-14	low	cli	DOCUMENTED	PARTIAL	Each ledger append rescanned the whole file	Rescans removed; per-generation whole-file hashes remain, untimed	D-1845 (read); no timing in docs/06-limits.md
audit-new	W2-cli12-3/-4	low	cli	DOCUMENTED	PARTIAL	Each ledger row read rescanned the whole file	Row reads test-only; whole-file hashes remain, untimed	D-1845 (read)
audit-new	W2-cli1-2/-3	low	cli	NOT-FIXED	FIXED	Unused lineage modules rescanned with no rollback	Modules deleted	D-1832; crates/cli/src/anchored_search_lineage_v2.rs and _v3.rs absent
audit-new	W2-cli6-0	medium	cli	PARTIAL	PARTIAL	Each launch replays the whole child history	Argued inherent but not timed	D-1846; docs/06-limits.md section says not timed
audit-new	W2-cli16-2	low	cli	NOT-FIXED	FIXED	The trade file was reopened for every recorded run	One writer held while the file is unchanged	D-1841, D-1777 with_cached_handle (read)
audit-new	W2-cli16-3	low	cli	NOT-FIXED	FIXED	Sizing reloaded the index span per rung	Priced over the span sizing already loaded	D-1836, D-1683 SizedNifty and 2 tests (read)
audit-new	W2-cli15-2	low	cli	NOT-FIXED	FIXED	Stream facts were recomputed for every cell	Computed once per population	D-1835 BoundPopulationCompletenessV1 (read)
audit-new	W2-cli7-0	low	cli	NOT-FIXED	FIXED	Population id was derived for every cell	Derived once per population	D-1835; D-1847 corrects D-1638's heading (read)
audit-new	W2-cli10-2	low	cli	NOT-FIXED	FIXED	The public digest entry walked the whole grid per cell	The only entry takes the grid's one validation	D-1834; derive_strategy_digest_v1 test-only; test no_strategy_digest_entry_validates_the_whole_grid_per_cell (read)
audit-new	W2-cli2-5	low	cli	NOT-FIXED	PARTIAL	A search page rechecks the journal twice	Argued inherent but not timed	D-1847 (read); no timing
audit-new	W2-cli14-1/2/3	low	cli	NOT-FIXED	PARTIAL	Selection snapshot replayed its sources several times	One authenticated read; remaining replays argued, not timed	D-1848 (read); no timing
audit-new	W1-api2-1	low	api	DOCUMENTED	DOCUMENTED	Calendar derivation reads every record	Reads what it derives from; the month walk is measured	docs/06-limits.md:16346 same month walk 1.03 ms / 5.12 ms
audit-new	W1-api2-2	low	api	DOCUMENTED	FIXED	The catalog was read and hashed twice per page	Summary held; closing check by file generation	D-2283 (read)
audit-new	W1-api2-3	low	api	DOCUMENTED	PARTIAL	A single-slot trade reader can be thrashed	Argued inherent but never timed	docs/06-limits.md:16351 'not timed here'
audit-new	W1-api1-4	low	api	DOCUMENTED	PARTIAL	The campaign route read its history several times per request	One pass removed; the remaining passes are untimed	D-2284 (three passes to two, read); no timing
audit-new	W1-api1-6	low	api	DOCUMENTED	PARTIAL	Several freshness system calls per page	Argued inherent but never timed	docs/06-limits.md:16350 'not timed here'
audit-new	W1-api3-0	low	api	DOCUMENTED	PARTIAL	The audit journal grows one file per request	Argued inherent but never timed	docs/06-limits.md:16353 'not timed here'
audit-new	W1-api3-1	low	api	DOCUMENTED	FIXED	A row count ran on an async worker thread	Moved off the runtime worker	D-2282 (read)
audit-new	W1-api5-3	low	api	DOCUMENTED	FIXED	The instruments answer was rebuilt and sorted per request	Kept per census snapshot and universe parse	D-2285 (read)
audit-new	W1-api5-5	low	api	DOCUMENTED	FIXED	The calendar answer was sorted per request	Kept per snapshot, feed, name and stamp	D-2286 (read)
audit-new	W1-api5-6	low	api	DOCUMENTED	FIXED	A store filter walked every entry per request	Walked once per census snapshot	D-2289 (read)
audit-new	W1-api5-7	low	api	DOCUMENTED	FIXED	A scrub blocked an async worker	The scrub runs on the store-read pool	D-2281 (read)
audit-new	W1-api6-0	low	api	DOCUMENTED	FIXED	A scrub blocked an async worker	The scrub runs on the store-read pool	D-2281 (read)
audit-new	W1-api5-8	low	api	DOCUMENTED	FIXED	A window past the last bar read the whole month	Answered by a bounded lookup	D-2280 (read)
audit-new	W1-api5-9	low	api	DOCUMENTED	FIXED	The catalogue was re-read per request	Kept per catalogue stamp and parse	D-2287 (read)
audit-new	W1-api2-7	low	api	DOCUMENTED	FIXED	The catalogue was re-read per request	Kept per catalogue stamp and parse	D-2287 (read)
audit-new	W1-api5-11	low	api	DOCUMENTED	FIXED	Spot targets were listed per request	Listed once per parse	D-2288 (read)
audit-new	W1-api6-3	low	api	DOCUMENTED	PARTIAL	The refusal walk repeats on every request	Argued inherent but never timed	docs/06-limits.md:16352 'not timed here'
audit-new	o1api-4	low	api	DOCUMENTED	PARTIAL	Each field lookup scans the whole query	Bounded by the capped query length, but never timed	docs/06-limits.md:16354 'not timed here'
audit-new	o1api-33	low	pull	DOCUMENTED	PARTIAL	A vendor body is decoded into a whole tree first	Memory multiple measured, but not inherent; streaming decode not built	D-2291; docs/06-limits.md:16359-16365 12x Dhan, 7x Zerodha, 17x hostile; pull --test allocation a_json_decodes_peak_memory_is_measured_against_its_body passed; fix: typed or streaming decode
audit-new	rustonly-4	low	api	DOCUMENTED	PARTIAL	The server launches a shell-script opener by default	Still launched by default; only an opt-out exists	crates/api/src/server.rs:19717 xdg-open; :19701 BRUTEX_NO_OPEN opt-out; fix: print the address, open only on opt-in
audit-new	W2-cli5-4	medium	cli	NOT-FIXED	FIXED	Frontier verdict and browser rules had two separate authorities	One rule check decides; the browser reads rules from the server	D-1810; win_rate_holds, avg_payoff_holds_for, VERDICT_CHECKED and tests (read)
audit-new	W3-runner2-8	low	runner	NOT-FIXED	FIXED	The column digest ignored which values are known	Digest V2 binds known values; V1 kept for old records	D-1812 column_digest_v2, column_digest_codec; runner lib exit_grid_policy::tests::column_digest_v1_never_moves_and_v2_binds_known passed
audit-new	W3-runner2-7	medium	runner	PARTIAL	FIXED	A later hole blocked an earlier exit	Closed by the hole-after-exit fix	D-1813 points to D-1514; cargo test -p runner --test hole_after_exit 3 passed; runner lib a_walk_built_stop_before_a_hole_is_priced_by_the_cell_and_the_replay_alike, hole_offset_is_the_earlier_hole_and_only_on_a_path_priced_before_it, unmeasured_and_refused_at_answer_each_cause_on_its_own passed
audit-new	W3-runner5-0	medium	runner	PARTIAL	FIXED	Replay attested its fold slice for every candidate	Attested once; pending candidates replayed in parallel	D-1811 OosReplaySliceV1; runner lib validate::tests::the_oos_replay_loop_attests_once_per_fold_and_replays_in_parallel and replays_on_one_oos_slice_equal_the_per_call_replay_for_every_fault passed
audit-new	rnew-1	low	cli	NEW	NEW	A crash mid-append leaves a partial record that blocks nine ledgers forever	Not fixed: their sibling ledgers repair this tail, these nine refuse	Nine ledgers that roll back a failed append refuse a ragged length at open and never call fixed_tail::heal_torn_tail: execution_v3.rs:4035, population_admission_v2.rs:2662, population_finalization_v2.rs:2618, population_finalization_v3.rs:2829, population_v5.rs:3471, population_v6.rs:2023, selection.rs:3318, selection_v3.rs:1591, selection_v4.rs:2123; siblings heal (execution_v4.rs:2519); append_rollback.rs:68 set_len without sync
audit-new	rnew-2	low	docs	NEW	NEW	A cost table row still says time lookup is a bisection	Not fixed: row contradicts the time index decision	docs/06-limits.md:16342 'an index file would be a new store format version' vs D-2329 (docs/05-decisions.md:62831) and limits:12751 'Superseded'
audit-new	rnew-3	low	ci	NEW	NEW	Kept-cost figures come from one uncommitted scratch run	Not fixed: no committed bench re-measures them	docs/06-limits.md:16332 'a scratch release harness that is not committed ... not budgets a gate holds'
